id,trivia_true,source,media
1,"""Over Each Other"" adalah satu-satunya lagu dalam album ""From Zero"" yang hanya dinyanyikan oleh Emily tanpa iringan vokal dari personil lainnya ",,
2,"Desain soldier pada sampul album Hybrid Theory digambar oleh Mike Shinoda, dan gambar sayap capung ditambahkan oleh Frank Maddocks",,
3,"Judul awal lagu ""In The End"" adalah ""Untitled"". Akan tetapi, Linkin Park memutuskan untuk menggantinya setelah D'Angelo merilis sebuah single berjudul ""Untitled (How Does It Feel)"" pada awal tahun 2000.",,
4,"Dari sisi musik, lagu ""Heavy is the Crown"" versi serial Netflix ""Arcane"" tercipta lebih dulu sebelum akhirnya berevolusi menjadi versi rock di Album ""From Zero""",https://linkinpedia.com/wiki/Heavy_Is_The_Crown#cite_note-1,
5,"Paduan suara pada ""From Zero (Intro)"" muncul kembali di bagian chorus ""The Emptiness Machine""",https://linkinpedia.com/wiki/From_Zero_(Intro)#cite_note-1,
6,"Dalam lagu ""From Zero (Intro)"", suara yang terdengar mengucapkan kalimat pembuka pada detik ke-10 adalah suara seorang anak, bukan suara Emily.",https://linkinpedia.com/wiki/From_Zero_(Intro)#cite_note-2,
7,"Video musik ""Over Each Other"" direkam di Incheon, Korea Selatan pada 28 September 2024, setelah Linkin Park tampil di kota tersebut.",,
8,"Di bagian akhir lagu ""Overflow"" ada potongan singkat ""Fuse"", sebuah lagu ketika Linkin Park masih bernama Xero",,
9,"Lagu Xero yang berjudul ""Fuse"" tidak masuk ke dalam album ""Hybrid Theory (20th Anniversary Edition)"" karena memiliki cuplikan sample audio milik Disney",,
10,"Video musik ""Two Faced"" direkam dua hari sebelum Linkin Park comeback pada tanggal 5 September 2025 di panggung yang sama",,
11,"Urutan proses perekaman instrumen album ""Meteora"" diawali dengan drum, kedua gitar, ketiga bass, keempat scratching DJ, dan yang terakhir vokal.",,
12,"Konsep video musik ""Up From the Bottom"" merupakan interpretasi visual dari masing-masing personil Linkin Park ketika mendengarkan lagu tersebut",Chat Discord Mike 28 Maret 2025,https://i.postimg.cc/5tftbVcg/1f760cbf-762b-4004-80c6-cffafd875062.jpg
13,"""Branch and Arrow"" adalah judul demo dari lagu ""Cut the Bridge""",https://youtu.be/ApR84MzHr6k?si=g3MkAkx1La5hLbTk,https://i.postimg.cc/8z6vjD0V/Inside-the-Studio-for-Cut-The-Bridge-LPTV-FROM-ZERO-Episode-18-Linkin-Park-3-38-screenshot.png
14,"Mike menyanyikan bagian chorus di demo ""The Emptiness Machine"" ",,
15,"Menurut Colin, lagu ""Up From the Bottom"" menggambarkan tentang seseorang yang terpenjara oleh pikiran mereka sendiri",,https://i.postimg.cc/jS78Kp6D/40125afc3fd98162b005940d38120fc4.png
16,"""The Stockroom"" adalah julukan yang diberikan personil Linkin Park untuk studio pribadi Mike Shinoda",https://linkinpedia.com/wiki/Opening,https://i.postimg.cc/1tkGWtTM/Inside-the-Studio-for-Cut-The-Bridge-LPTV-FROM-ZERO-Episode-18-Linkin-Park-0-6-screenshot.png